{"ea": 5263.836524962374, "size": 100235, "h4": 3.9997995094991237, "h8": 5.974811165291921, "h16": 5.997376965267605, "h32": 7.346545342656556, "h64": 9.115278563477098}