{"ea": 8340.199528351885, "size": 2389358, "h4": 3.441243925412723, "h8": 5.001091718509325, "h16": 6.491018909788011, "h32": 8.08895492177234, "h64": 9.709756226840884}