{"ea": 3477.375577346597, "size": 1275116, "h4": 3.9828881301368035, "h8": 5.951608078049291, "h16": 7.81807389044862, "h32": 9.484638063632197, "h64": 11.046669592098837}