{"ea": 5376.717290163785, "size": 1954200, "h4": 3.945040982971054, "h8": 5.908445680791241, "h16": 7.775421676895837, "h32": 9.381458947120782, "h64": 10.697332782576847}