{"ea": 581.5986464399575, "size": 1756139, "h4": 3.3331148515162323, "h8": 4.442521054807871, "h16": 5.870177622118307, "h32": 7.642415210962097, "h64": 9.475579029202045}