{"ea": 2442.227880891641, "size": 2355181, "h4": 3.947529807625226, "h8": 5.795186054896297, "h16": 7.386773796543471, "h32": 8.801736318490768, "h64": 10.176222113330542}