{"ea": 1534.8860493630364, "size": 1620897, "h4": 3.6320322004828833, "h8": 5.317731018346561, "h16": 6.912949052219824, "h32": 8.383013374780846, "h64": 9.922025475185194}