{"ea": 1846.9496621941455, "size": 1512970, "h4": 3.8924133679740773, "h8": 5.689947739585978, "h16": 7.4840134526117374, "h32": 8.971100019811145, "h64": 10.508044785152435}