{"ea": 798.2319762389516, "size": 317149, "h4": 3.910952959597965, "h8": 5.5055281398071605, "h16": 7.130397204690644, "h32": 8.8730889799104, "h64": 10.5608399957809}