{"ea": 3226.906260477121, "size": 1409296, "h4": 3.5535564881814636, "h8": 4.938906088648302, "h16": 6.364127024924754, "h32": 8.071460380462963, "h64": 9.845333356697473}