{"ea": 1121.6111045076148, "size": 602126, "h4": 3.7712350353530386, "h8": 4.440251016447926, "h16": 5.787645660647486, "h32": 7.46822885720373, "h64": 9.108011290094922}