{"ea": 9286.206135907047, "size": 2108984, "h4": 3.88699447074634, "h8": 5.641105192758754, "h16": 7.370644358916268, "h32": 8.750727286426986, "h64": 10.15798877039196}