{"ea": 3276.2826450298708, "size": 123810, "h4": 3.9993839395087614, "h8": 5.9461548923306164, "h16": 6.009516205325383, "h32": 7.390402958493171, "h64": 9.190950950757987}