{"ea": 4519.827793282013, "size": 1349009, "h4": 3.735316358465263, "h8": 5.46259412856177, "h16": 7.19709374714344, "h32": 8.912157901864939, "h64": 10.596268226302158}