{"ea": 7706.162699082543, "size": 1126452, "h4": 3.8848125853319395, "h8": 5.615659770181177, "h16": 7.301352030500764, "h32": 8.81939444266399, "h64": 10.443054855589757}