{"ea": 1857.5461597472981, "size": 945790, "h4": 3.981161495291113, "h8": 5.0835657415884015, "h16": 6.5479099317208975, "h32": 8.180382818646535, "h64": 9.91580781074839}