{"ea": 1426.9603457734422, "size": 1030314, "h4": 3.56125481260656, "h8": 5.135908372318555, "h16": 6.408929422436305, "h32": 7.909926699548663, "h64": 9.613695848804207}