{"ea": 1287.6032462773373, "size": 268083, "h4": 3.9996863042652007, "h8": 5.845596860138856, "h16": 6.1355274592654485, "h32": 7.81103935737568, "h64": 9.616945598483836}