{"ea": 511.91233603285866, "size": 2822074, "h4": 3.823678142178107, "h8": 5.439947695517133, "h16": 6.827305443451253, "h32": 8.424903384185937, "h64": 10.199423547702404}