{"ea": 6931.1942221072695, "size": 790830, "h4": 3.5602614700025206, "h8": 5.046454905660778, "h16": 6.638641569066657, "h32": 8.217495364600971, "h64": 9.836493982774503}