{"ea": 6250.358400310414, "size": 1127296, "h4": 3.799218006637302, "h8": 5.373810914054336, "h16": 7.002193824186344, "h32": 8.526916886065685, "h64": 10.120553359019501}