{"ea": 2053.2859442623217, "size": 1890028, "h4": 3.959375872845442, "h8": 5.901240457127584, "h16": 7.641725007722825, "h32": 9.159991157527958, "h64": 10.637609999394456}