{"ea": 8019.406491601505, "size": 1891243, "h4": 3.9465673951089917, "h8": 5.81760830158141, "h16": 7.551538946571883, "h32": 9.155651965626884, "h64": 10.650835888081719}