{"ea": 6200.779875833548, "size": 1885239, "h4": 3.912391207682841, "h8": 5.762129213560567, "h16": 7.343165739105345, "h32": 8.802615599438994, "h64": 10.31265033371129}