{"ea": 7994.5079260707, "size": 934244, "h4": 3.726061888069095, "h8": 5.372317991219532, "h16": 6.790389307847468, "h32": 8.297077794519188, "h64": 9.825271728311819}