{"ea": 3555.0743994037493, "size": 1316557, "h4": 3.8196083878444194, "h8": 5.570980716753163, "h16": 7.045699197926708, "h32": 8.446802951369463, "h64": 9.9935708212656}