{"ea": 6342.268331929476, "size": 1202649, "h4": 3.2223221522868393, "h8": 4.228995266474939, "h16": 5.729369850778493, "h32": 7.436296179799787, "h64": 9.1523557124346}