{"ea": 5817.261079199723, "size": 2176461, "h4": 3.9536043160885965, "h8": 5.853159617260905, "h16": 7.7377926097617475, "h32": 9.222662984721183, "h64": 10.46035033451682}