{"ea": 6559.22672198937, "size": 1400860, "h4": 3.831608789750524, "h8": 5.649382626037422, "h16": 7.247754493895545, "h32": 8.803552951655991, "h64": 10.542394373924767}