{"ea": 899.5814865688594, "size": 2435782, "h4": 3.8567877047605084, "h8": 5.656309686877463, "h16": 7.397630184567248, "h32": 8.962749575587642, "h64": 10.369011990278597}