{"ea": 4366.61062572636, "size": 2803239, "h4": 3.8592572346497667, "h8": 4.946631520506884, "h16": 6.1918711976748355, "h32": 7.7925342928468, "h64": 9.504131688922364}