{"ea": 2042.6623811181582, "size": 539011, "h4": 3.999613887448654, "h8": 5.52187243810519, "h16": 5.60345093897309, "h32": 6.668063412968256, "h64": 8.387743495949282}