{"ea": 5779.181424593178, "size": 1097243, "h4": 3.935774930131586, "h8": 5.801706654882969, "h16": 7.4348937562820705, "h32": 8.885619962619042, "h64": 10.434350500903108}