{"ea": 2079.1772788631665, "size": 2762995, "h4": 3.923861253081792, "h8": 5.83073675078856, "h16": 7.6755246964670665, "h32": 9.392521329936983, "h64": 10.860950428067216}