{"ea": 2497.1313817650266, "size": 2212474, "h4": 3.8863452856396723, "h8": 5.73209152149183, "h16": 7.423937237925271, "h32": 9.020016762798045, "h64": 10.430597173941024}