{"ea": 639.4516832523171, "size": 512352, "h4": 3.8987189901961017, "h8": 4.961467929922148, "h16": 6.243753219812918, "h32": 7.925123865006534, "h64": 9.663349886999157}