{"ea": 3202.942387217946, "size": 265193, "h4": 3.9990013061320715, "h8": 5.9306146427346835, "h16": 7.237215005801863, "h32": 8.675352054095363, "h64": 10.47897663247033}