{"ea": 592.6706262952844, "size": 234130, "h4": 3.939571347686994, "h8": 5.56965979535577, "h16": 6.9086683322449405, "h32": 8.582909678762764, "h64": 10.438327728190815}