{"ea": 1859.048743287908, "size": 338127, "h4": 3.808864256718955, "h8": 5.19115032997869, "h16": 5.8798749193686675, "h32": 7.505562445747596, "h64": 9.333795774212252}