{"ea": 372.1611915638237, "size": 1167570, "h4": 3.999201924331908, "h8": 5.920003797054102, "h16": 7.152350364202455, "h32": 8.862479288372878, "h64": 10.724657618877124}