{"ea": 419.6226834496908, "size": 3508732, "h4": 3.9967876387687418, "h8": 5.799018549962332, "h16": 7.398865549428374, "h32": 9.17780598295277, "h64": 10.994241590663751}