{"ea": 1846.8590148801293, "size": 269877, "h4": 3.6299351209855977, "h8": 4.921470720087292, "h16": 5.769605588041898, "h32": 7.416758042979939, "h64": 9.231994957774862}