{"ea": 1917.1849655600763, "size": 387214, "h4": 3.903757657451381, "h8": 5.347940847890364, "h16": 6.88629926280444, "h32": 8.637396255202132, "h64": 10.496746886121407}