{"ea": 344.64248664113046, "size": 3191834, "h4": 3.99619487160248, "h8": 5.855722074038731, "h16": 7.716790568130865, "h32": 9.617846423349743, "h64": 11.496183028611037}