{"ea": 510.6356760728483, "size": 867814, "h4": 3.857128502590222, "h8": 5.690350780444287, "h16": 7.424123330155107, "h32": 9.226425410565634, "h64": 11.014119248718085}