{"ea": 343.5159492322646, "size": 834468, "h4": 3.9837913535072476, "h8": 5.648394667803832, "h16": 7.309013882643484, "h32": 9.013210834853151, "h64": 10.706946345223333}