{"ea": 227.9165044332074, "size": 371546, "h4": 3.8260338011070942, "h8": 5.307450329084632, "h16": 6.9940495074233455, "h32": 8.809321843772885, "h64": 10.661438823700585}