{"ea": 4607.347909545117, "size": 1507361, "h4": 3.9806847068714304, "h8": 5.793979659219143, "h16": 7.39809225744432, "h32": 8.872472730761341, "h64": 10.350761476820018}