{"ea": 1770.8182776820722, "size": 1764594, "h4": 3.932288970416068, "h8": 5.85209928777033, "h16": 7.712076513905016, "h32": 9.499164878799391, "h64": 11.09542716944594}