{"ea": 5076.10804771826, "size": 1712908, "h4": 3.9624561348913643, "h8": 5.861722849600621, "h16": 7.66700952502582, "h32": 9.17702360989923, "h64": 10.662357924598346}