{"ea": 9307.72347189056, "size": 1092059, "h4": 3.766380170932159, "h8": 5.537508632473521, "h16": 7.2350845311679, "h32": 8.859403885273359, "h64": 10.508451380341583}