{"ea": 2479.397696932195, "size": 1127175, "h4": 3.6168854905584693, "h8": 4.950833500738083, "h16": 6.24539928122706, "h32": 7.855399955377655, "h64": 9.568669702523366}