{"ea": 3170.4526864496756, "size": 2257160, "h4": 3.9508068720444585, "h8": 5.8316428425982805, "h16": 7.665620773668677, "h32": 9.27599461022228, "h64": 10.676816468812543}