{"ea": 2676.8622259599324, "size": 1471782, "h4": 3.8834733312213006, "h8": 5.584907406820504, "h16": 7.118631867146991, "h32": 8.639141721908262, "h64": 10.212768286919507}