{"ea": 5321.5845035628345, "size": 159687, "h4": 3.999799857437929, "h8": 5.9948829640590935, "h16": 6.194490783816937, "h32": 7.952714813188699, "h64": 9.776162507809934}