{"ea": 840.7319948641455, "size": 747945, "h4": 3.979307194823014, "h8": 5.3032079772849325, "h16": 5.857755740292607, "h32": 7.450281908079192, "h64": 9.254837154622072}