{"ea": 3819.6368706903977, "size": 354038, "h4": 3.464558691513, "h8": 4.4032609634280995, "h16": 5.834188287757108, "h32": 7.533776492803122, "h64": 9.33686612106865}