{"ea": 123.86586525015831, "size": 400214, "h4": 3.9012962076146414, "h8": 5.552098018160576, "h16": 7.301034093515205, "h32": 9.136566132535961, "h64": 11.018171105706156}