{"ea": 6352.6560166880245, "size": 1750430, "h4": 3.693577865028729, "h8": 5.374520741630517, "h16": 6.791242883003113, "h32": 8.25097527509178, "h64": 9.753088097746652}