{"ea": 9364.964765487777, "size": 1894120, "h4": 3.920397891788545, "h8": 5.7139181610134075, "h16": 7.292378893514039, "h32": 8.72723216685207, "h64": 10.18017703548}