{"ea": 3952.98445850976, "size": 2954070, "h4": 3.8934164085941916, "h8": 5.730643300035055, "h16": 7.362030579586672, "h32": 8.837729124562173, "h64": 10.298423689037742}