{"ea": 7926.303795156909, "size": 1250827, "h4": 3.9399521862125346, "h8": 5.7452456282189335, "h16": 7.496023712547606, "h32": 9.001802396771737, "h64": 10.461751808634013}