{"ea": 6564.713356061228, "size": 1363923, "h4": 3.7962571306952633, "h8": 5.567582038618492, "h16": 7.201655266242653, "h32": 8.779684014580635, "h64": 10.421128018769327}