{"ea": 404.7462201110324, "size": 981941, "h4": 3.8478395276038353, "h8": 5.091888016721391, "h16": 6.438221743849864, "h32": 8.009327742702148, "h64": 9.57660655627669}