{"ea": 3161.5792029739096, "size": 2219331, "h4": 3.729845369466405, "h8": 5.409766929141314, "h16": 7.160093978103856, "h32": 8.81065051422892, "h64": 10.219744563246955}