{"ea": 3123.8454407425897, "size": 132344, "h4": 3.999567995361266, "h8": 5.951752313481494, "h16": 6.061846102787666, "h32": 7.594242522313694, "h64": 9.434359420468123}