{"ea": 2589.231023016522, "size": 2152388, "h4": 3.866197107932695, "h8": 5.710912848321698, "h16": 7.497104452596842, "h32": 9.133172305661478, "h64": 10.580605087995092}