{"ea": 652.9468340750396, "size": 1117575, "h4": 3.646939059023656, "h8": 5.270456568123414, "h16": 6.864677225350777, "h32": 8.432991701068694, "h64": 10.043928607103174}