{"ea": 2667.1235590821666, "size": 848240, "h4": 2.835076427034443, "h8": 3.971715782003493, "h16": 5.550633983606636, "h32": 7.293856445999696, "h64": 9.109412246974179}