{"ea": 2444.3754295971466, "size": 585545, "h4": 3.999642098851361, "h8": 5.885569346953936, "h16": 6.059281484872467, "h32": 7.7515188321450434, "h64": 9.586950895919589}