{"ea": 6531.184339027207, "size": 1416568, "h4": 3.9324239594287507, "h8": 5.79121815654732, "h16": 7.468393274224846, "h32": 8.890581918163859, "h64": 10.351000582326808}