{"ea": 6457.732770747205, "size": 1275236, "h4": 3.772291618536691, "h8": 5.566782819074891, "h16": 7.155569871166742, "h32": 8.655340418860044, "h64": 10.262989309080346}