{"ea": 491.91073248608694, "size": 906510, "h4": 3.973957120634102, "h8": 5.586279740455299, "h16": 7.041734921456001, "h32": 8.78066778477366, "h64": 10.678179603600686}