{"ea": 453.8015753885416, "size": 5439433, "h4": 3.8725258731410857, "h8": 5.361283583585546, "h16": 6.666915610465941, "h32": 8.19906508994871, "h64": 9.958002347218999}