{"ea": 7105.925371291938, "size": 1871784, "h4": 3.2537217212739393, "h8": 4.814948770061998, "h16": 6.358773842460257, "h32": 8.036861726151328, "h64": 9.736034348748039}