{"ea": 13033.088321645802, "size": 1935506, "h4": 3.681795877955308, "h8": 5.302536283425321, "h16": 6.908570940155929, "h32": 8.423292172241117, "h64": 9.785732914025125}