{"ea": 6740.992292397625, "size": 1585159, "h4": 3.960713978048804, "h8": 5.855360052381425, "h16": 7.609252261699153, "h32": 9.005895831923961, "h64": 10.387166520686574}