{"ea": 4256.040551780285, "size": 1596489, "h4": 3.898058220516887, "h8": 5.646127318150719, "h16": 7.310677457558684, "h32": 8.800714983810172, "h64": 10.184232415246097}