{"ea": 767.321044612346, "size": 713121, "h4": 3.8987566474182205, "h8": 5.166742624067692, "h16": 6.7153318720736905, "h32": 8.323798420725417, "h64": 10.046847987275298}