{"ea": 3039.9090646266955, "size": 1801858, "h4": 3.973603132363877, "h8": 5.87653063337842, "h16": 7.673984266101372, "h32": 9.283922706004589, "h64": 10.845299695622764}