{"ea": 851.5480457577335, "size": 445583, "h4": 3.9996736888836257, "h8": 5.8606555835181045, "h16": 6.158620101819315, "h32": 7.723301624870563, "h64": 9.593127515576136}