{"ea": 9221.857073269903, "size": 1088580, "h4": 3.5235575532380805, "h8": 5.015376542351336, "h16": 6.487144612770092, "h32": 8.091931634877971, "h64": 9.676522845291121}