{"ea": 626.7499850911086, "size": 2544309, "h4": 3.978532284961905, "h8": 5.620315821798075, "h16": 7.1457466626641875, "h32": 8.784461305249344, "h64": 10.542817368688986}