{"ea": 2702.060091765906, "size": 348496, "h4": 3.9681957432797232, "h8": 5.509595084048666, "h16": 6.21677251202643, "h32": 7.819244670404862, "h64": 9.594157553671975}