{"ea": 1010.2271160379903, "size": 514187, "h4": 3.635122700860377, "h8": 4.510699731372169, "h16": 5.679912032085946, "h32": 7.403636625749307, "h64": 9.242290375393527}