{"ea": 3435.380554047915, "size": 2269941, "h4": 3.8894742510777824, "h8": 5.806124506373975, "h16": 7.627131724143456, "h32": 9.230494246252924, "h64": 10.599841185778967}