{"ea": 2584.7248815853754, "size": 678022, "h4": 3.759162904841162, "h8": 5.212037198125649, "h16": 6.755323047494027, "h32": 8.433192883063025, "h64": 10.006771211500286}