{"ea": 1059.3872535364512, "size": 659855, "h4": 3.173788601146957, "h8": 4.485571469480762, "h16": 6.1290650924347485, "h32": 7.831164447108778, "h64": 9.629030798452002}