{"ea": 2989.6317538512226, "size": 1456747, "h4": 3.734307446833652, "h8": 5.427449894631723, "h16": 7.028995455509465, "h32": 8.583193477960801, "h64": 10.129119581593365}