{"ea": 6517.755858527005, "size": 1418632, "h4": 3.899882454648268, "h8": 5.678606737424093, "h16": 7.260066163517834, "h32": 8.816687184605762, "h64": 10.48349621601367}