{"ea": 678.8670539076559, "size": 4093870, "h4": 3.834398629606275, "h8": 4.813031824216399, "h16": 6.03671817334102, "h32": 7.6588489143321565, "h64": 9.422835876058883}