{"ea": 10487.190793418033, "size": 1009219, "h4": 3.8544523555187125, "h8": 5.33716747792066, "h16": 6.767340036428528, "h32": 8.427219513573649, "h64": 10.09360875244604}