{"ea": 1907.4904929609002, "size": 332493, "h4": 2.9620433262560097, "h8": 4.159027135060814, "h16": 5.651668409982371, "h32": 7.335960495042507, "h64": 9.105538301005744}