{"ea": 3172.6008602876204, "size": 1689946, "h4": 3.8851024654519732, "h8": 5.732331051004149, "h16": 7.483518299590753, "h32": 9.033445658384537, "h64": 10.325748393983801}