{"ea": 2956.7076773704875, "size": 1004743, "h4": 3.914619165142663, "h8": 5.68410387440829, "h16": 7.109756549976071, "h32": 8.628618348469987, "h64": 10.22857453774311}