{"ea": 1244.9629628718271, "size": 430155, "h4": 3.36178362716349, "h8": 4.196184808001725, "h16": 5.532888870695073, "h32": 7.191836839666788, "h64": 8.986331494537172}