{"ea": 522.4494258468959, "size": 5525692, "h4": 3.986215078758131, "h8": 5.8285120773557715, "h16": 7.381214710681768, "h32": 9.164768171300436, "h64": 11.065014758318643}