{"ea": 596.5512122121229, "size": 1031346, "h4": 3.9949379431329177, "h8": 5.4217112851151095, "h16": 6.249928401789398, "h32": 7.864661791077224, "h64": 9.711390698547802}