{"ea": 1567.248486160638, "size": 2165872, "h4": 3.9069710913131397, "h8": 5.827094160800883, "h16": 7.571650828354482, "h32": 8.87178048403764, "h64": 10.221521336932609}