{"ea": 1862.8851392264232, "size": 839678, "h4": 3.362602390600364, "h8": 4.985422569190838, "h16": 6.581199792595584, "h32": 8.320291651934955, "h64": 10.016805603265396}