{"ea": 5116.580565338581, "size": 158070, "h4": 3.9995173619021402, "h8": 5.9956817008254255, "h16": 7.025732738818993, "h32": 8.524693620213958, "h64": 10.398823774853092}