{"ea": 1682.1259033687, "size": 1795613, "h4": 3.9798122048916005, "h8": 5.887934479393061, "h16": 7.619766419850723, "h32": 9.070411012094919, "h64": 10.475331273088557}