{"ea": 4579.450633399648, "size": 1452077, "h4": 3.9711674817238727, "h8": 5.894754216425972, "h16": 7.638173392641031, "h32": 9.210615109316276, "h64": 10.781179197822544}