{"ea": 1969.2984769197815, "size": 1526985, "h4": 3.9671578477493963, "h8": 5.891886353993529, "h16": 7.729920558347427, "h32": 9.316244972222156, "h64": 10.815813483406354}