{"ea": 909.3106566693583, "size": 1138403, "h4": 3.986815402245705, "h8": 5.824264874142159, "h16": 7.174727104078353, "h32": 8.884687325427894, "h64": 10.61966108644513}