{"ea": 547.965817143329, "size": 2742842, "h4": 3.3783832228589423, "h8": 4.516859175059331, "h16": 5.841250716288179, "h32": 7.572094372953454, "h64": 9.397156245529512}