{"ea": 508.1789243703957, "size": 1926748, "h4": 3.2145981250430493, "h8": 4.532136546606322, "h16": 5.718091342154507, "h32": 7.302136328142329, "h64": 9.006303084299645}