{"ea": 381.5804270825748, "size": 1557812, "h4": 3.3606938663470265, "h8": 4.546767305542806, "h16": 5.890275706700935, "h32": 7.556178908039578, "h64": 9.339472291744862}