{"ea": 1857.831093807613, "size": 1300198, "h4": 3.788094198685389, "h8": 5.449580737315902, "h16": 7.130209270317112, "h32": 8.818180938417951, "h64": 10.430146404228752}