{"ea": 7223.650047583788, "size": 1104970, "h4": 3.9683930831223946, "h8": 5.928982593812748, "h16": 7.782893322837865, "h32": 9.451937615231905, "h64": 11.022108422813613}