{"ea": 3623.350743311531, "size": 156590, "h4": 3.9486149725923205, "h8": 5.810301763466848, "h16": 6.038776638801005, "h32": 7.472652373018374, "h64": 9.289540210038737}