{"ea": 2195.420827925094, "size": 2023757, "h4": 3.892929460438385, "h8": 5.75306141889563, "h16": 7.492821038005487, "h32": 8.964291355509094, "h64": 10.39965664554185}