{"ea": 468.3607320183348, "size": 4790674, "h4": 3.8355205955744855, "h8": 5.462722037470767, "h16": 7.20193474282703, "h32": 9.0865337252986, "h64": 11.033633736544084}