{"ea": 4958.232294083163, "size": 1634761, "h4": 3.89595555226795, "h8": 5.736181255878287, "h16": 7.422244021050304, "h32": 8.972696596856249, "h64": 10.497137747314975}