{"ea": 2406.8458713701853, "size": 1471783, "h4": 3.9790324661820593, "h8": 5.899288406198386, "h16": 7.6454453679820285, "h32": 9.174942831587048, "h64": 10.775902612475605}