{"ea": 4825.060177431658, "size": 1249025, "h4": 3.859916157166243, "h8": 5.595361620302608, "h16": 6.8907475152138336, "h32": 8.313950978079411, "h64": 9.859321975731012}