{"ea": 1655.87135881718, "size": 197516, "h4": 3.9076661945935993, "h8": 5.416660003669153, "h16": 6.150682148297832, "h32": 7.763920502596177, "h64": 9.618477846830093}