{"ea": 2187.1111621765835, "size": 1117314, "h4": 3.78254158323734, "h8": 5.025373919573829, "h16": 5.837096248482815, "h32": 6.986909942901579, "h64": 8.610870598106537}