{"ea": 3208.2535651137646, "size": 3053089, "h4": 3.9453610905000573, "h8": 5.838887243063983, "h16": 7.623300361718035, "h32": 9.203553409391986, "h64": 10.552518878792643}