{"ea": 5096.384024186141, "size": 1519675, "h4": 3.9685444030760824, "h8": 5.925093571116292, "h16": 7.752755268787759, "h32": 9.455487458977714, "h64": 11.032609565664586}