{"ea": 5386.740240463301, "size": 275022, "h4": 3.369486227642091, "h8": 4.066964391848625, "h16": 5.555067068313243, "h32": 7.254341650854098, "h64": 9.088582180435925}