{"ea": 1472.6887343209212, "size": 355514, "h4": 3.771686621482119, "h8": 5.185226985432095, "h16": 5.7644743008965005, "h32": 7.310447780783658, "h64": 9.077067249162647}