{"ea": 4806.230991831991, "size": 1509097, "h4": 3.9630201766577344, "h8": 5.772213320748101, "h16": 7.602554510980127, "h32": 9.27590353781868, "h64": 10.969762728737026}