{"ea": 9434.549674991682, "size": 873116, "h4": 3.3860420197169634, "h8": 4.97492697655523, "h16": 6.519512530171132, "h32": 8.125510489892154, "h64": 9.792744212143875}