{"ea": 2072.8411971123405, "size": 1273493, "h4": 3.610711438647934, "h8": 5.1836312360023244, "h16": 6.74928481593832, "h32": 8.457418027191533, "h64": 10.24777312422318}