{"ea": 949.8823331352673, "size": 639958, "h4": 3.31243311828089, "h8": 4.144489234176204, "h16": 5.610563943217205, "h32": 7.320171496339384, "h64": 9.114007313129374}