{"ea": 5312.92819575808, "size": 1552895, "h4": 3.5711500998330044, "h8": 5.241220543881175, "h16": 6.840394986364055, "h32": 8.278706163223779, "h64": 9.82250599383263}