{"ea": 399.5717031117171, "size": 2304293, "h4": 3.423695901462927, "h8": 4.444341161312831, "h16": 5.549016962060217, "h32": 7.252173141351745, "h64": 9.021629766268642}