{"ea": 318.62453793300165, "size": 1775936, "h4": 3.997688114578015, "h8": 5.73636986503696, "h16": 7.2307614295828575, "h32": 9.024650417361201, "h64": 10.957555171588128}