{"ea": 3748.1736232954067, "size": 1830239, "h4": 3.9784810587551878, "h8": 5.924336406465503, "h16": 7.769331720204471, "h32": 9.342065023275538, "h64": 10.770003023128673}