{"ea": 11351.576458433117, "size": 832148, "h4": 3.681615729132848, "h8": 4.811737943358555, "h16": 6.265408090180211, "h32": 7.895836551905005, "h64": 9.567704221004819}