{"ea": 2833.834551185991, "size": 2057957, "h4": 3.953061724009226, "h8": 5.867038123240655, "h16": 7.665678283074212, "h32": 9.123660522694259, "h64": 10.420299551258877}