{"ea": 5163.520817250686, "size": 2037842, "h4": 3.932212239868891, "h8": 5.824079575159718, "h16": 7.536054166778344, "h32": 9.090427778730723, "h64": 10.397490936598842}