{"ea": 4697.912730365761, "size": 1379057, "h4": 3.557197366401181, "h8": 5.3031053508420545, "h16": 6.8530252995423835, "h32": 8.300354109753986, "h64": 9.83976458032897}