{"ea": 778.2397720761696, "size": 419673, "h4": 3.929035698239508, "h8": 4.909544669158883, "h16": 5.683865957956661, "h32": 7.332184951902201, "h64": 9.18682519196501}