{"ea": 337.86328036749825, "size": 1228037, "h4": 3.9977392315347426, "h8": 5.750488679842162, "h16": 6.857490480332359, "h32": 8.570696312291469, "h64": 10.344008954375216}