{"ea": 2471.115191071438, "size": 423453, "h4": 3.7207762856478404, "h8": 4.686112400842141, "h16": 5.889388536895719, "h32": 7.545380022572885, "h64": 9.37102274305224}