{"ea": 4560.449036886389, "size": 729886, "h4": 3.8493344087416133, "h8": 5.211373607768152, "h16": 6.755236127408353, "h32": 8.26168704068326, "h64": 9.887679827638639}