{"ea": 3878.082522040664, "size": 516622, "h4": 2.7885534588705845, "h8": 4.139115602051478, "h16": 5.65349570677161, "h32": 7.3134079859031695, "h64": 9.159946831838798}