{"ea": 2661.7889347497476, "size": 1522650, "h4": 3.9579817344084183, "h8": 5.8222514213245375, "h16": 7.50877586932074, "h32": 9.075726046038806, "h64": 10.562181785252903}