{"ea": 2571.5395515499467, "size": 206314, "h4": 3.8292274279437986, "h8": 4.759666880131618, "h16": 5.855632712949595, "h32": 7.547747440423528, "h64": 9.412007864275388}