{"ea": 2517.956000350059, "size": 170369, "h4": 3.9974046743082194, "h8": 5.63863258978357, "h16": 6.074585829257911, "h32": 7.674579461920594, "h64": 9.448087305667881}