{"ea": 739.5878764709109, "size": 2255020, "h4": 3.990688845216809, "h8": 5.466490719030459, "h16": 6.441701646819002, "h32": 8.066137375268102, "h64": 9.865442935058901}