{"ea": 4641.195306965178, "size": 1872274, "h4": 3.879340612424836, "h8": 5.724873254728273, "h16": 7.444174488458987, "h32": 9.13114805544639, "h64": 10.68826503658969}