{"ea": 3100.1680013962464, "size": 2108286, "h4": 3.9439264604692905, "h8": 5.822550466530151, "h16": 7.649776329945286, "h32": 9.252815556412257, "h64": 10.68544310320655}