{"ea": 409.40081373284005, "size": 4353106, "h4": 3.9864448153309273, "h8": 5.304945979257223, "h16": 6.312465279015687, "h32": 7.895506147789359, "h64": 9.630512383156379}