{"ea": 2252.1597359193925, "size": 2199085, "h4": 3.878130358903226, "h8": 5.662334427481721, "h16": 7.324636583527059, "h32": 8.796716135126324, "h64": 10.206565753823355}