{"ea": 1406.4153845567405, "size": 360541, "h4": 3.968900004481092, "h8": 5.75255051168295, "h16": 7.3693369693362225, "h32": 9.158602019266112, "h64": 10.860489029865697}