{"ea": 2875.213813475247, "size": 208904, "h4": 3.9920761248148278, "h8": 5.406209365067831, "h16": 6.111166365482784, "h32": 7.751726099094937, "h64": 9.572308367334267}