{"ea": 1848.925281802433, "size": 486737, "h4": 3.5476426745629013, "h8": 4.735069940972653, "h16": 5.675856568877013, "h32": 7.3707281046886655, "h64": 9.146151678090487}