{"ea": 1231.6664808242442, "size": 1213070, "h4": 3.7321489482383514, "h8": 5.0303061256490444, "h16": 6.280981055519536, "h32": 7.837806198352996, "h64": 9.508608647740825}