{"ea": 6719.281210952012, "size": 1800852, "h4": 3.9865773053832188, "h8": 5.927236008183275, "h16": 7.803115919538465, "h32": 9.404753853268165, "h64": 10.859618367965522}