{"ea": 777.1423944058173, "size": 403816, "h4": 3.6860642286324823, "h8": 4.352286801871022, "h16": 5.603286428179594, "h32": 7.266385135452098, "h64": 9.051056690039136}