{"ea": 8473.57062082395, "size": 436701, "h4": 3.8680520868895405, "h8": 5.370055109771123, "h16": 6.19043711597302, "h32": 7.812946230545494, "h64": 9.47915787342121}