{"ea": 658.2719935152913, "size": 620318, "h4": 3.9958801025962813, "h8": 5.918666833036863, "h16": 7.852196936969509, "h32": 9.783408082514729, "h64": 11.703161526066149}