{"ea": 1777.004245516124, "size": 332302, "h4": 3.5630883753122715, "h8": 4.782216751259804, "h16": 5.624243389035997, "h32": 7.3350824818878895, "h64": 9.12919250651422}