{"ea": 3400.6620426528343, "size": 1374388, "h4": 3.9818356629250555, "h8": 5.928217764120461, "h16": 7.791785970570492, "h32": 9.408777102104928, "h64": 11.017306197890186}