{"ea": 1880.5794266748749, "size": 700167, "h4": 3.533838255509982, "h8": 4.36209749944368, "h16": 5.827332777549744, "h32": 7.530704821579049, "h64": 9.345051424350903}