{"ea": 7931.25425108071, "size": 2146247, "h4": 3.9028608387560357, "h8": 5.712475018467664, "h16": 7.360328665456705, "h32": 8.865518557656483, "h64": 10.432456492332783}