{"ea": 328.2202924433845, "size": 1497588, "h4": 3.9269343013225124, "h8": 5.558585038713401, "h16": 7.232873398618931, "h32": 9.054659314088411, "h64": 10.847789450756949}