{"ea": 500.7372057092449, "size": 1474918, "h4": 3.7575190280159205, "h8": 5.340374184277421, "h16": 6.715003728071197, "h32": 8.36656497658246, "h64": 9.956234106974716}