{"ea": 396.29648378959405, "size": 951750, "h4": 3.985387232830602, "h8": 5.9154561508464, "h16": 7.6748784130613, "h32": 9.508675872803883, "h64": 11.353733213097039}