{"ea": 2578.792368984434, "size": 237473, "h4": 3.999406939882512, "h8": 5.941997610571361, "h16": 6.12899777642556, "h32": 7.636864105076389, "h64": 9.377967647533454}