{"ea": 7919.198603397952, "size": 2129967, "h4": 3.9806857637131126, "h8": 5.890839632968148, "h16": 7.6096883724697975, "h32": 9.25940487878084, "h64": 10.800812550721638}