{"ea": 2790.3289056591634, "size": 1520165, "h4": 3.97084207438603, "h8": 5.891962689855095, "h16": 7.610872100806842, "h32": 9.226696348097262, "h64": 10.810913912019979}