{"ea": 463.6369318951924, "size": 964076, "h4": 3.583421833917468, "h8": 4.578026222602928, "h16": 5.785303622695935, "h32": 7.53380080331495, "h64": 9.42469474361494}