{"ea": 4604.073048522274, "size": 2124577, "h4": 3.9274491020931386, "h8": 5.808803795855183, "h16": 7.520306206725449, "h32": 8.954731096153495, "h64": 10.359896667230236}