{"ea": 3414.60416205262, "size": 959548, "h4": 3.6796067105255372, "h8": 5.007652123761526, "h16": 6.254447492636466, "h32": 7.750890974039905, "h64": 9.414491457187868}