{"ea": 7524.317871451117, "size": 788640, "h4": 3.546750138906883, "h8": 4.350153274276794, "h16": 5.74415312452129, "h32": 7.411569896430958, "h64": 9.128116888961053}