{"ea": 3137.8943359582304, "size": 508987, "h4": 3.140586847533533, "h8": 4.142976970975898, "h16": 5.51337814511218, "h32": 7.1665577928597415, "h64": 8.960841760491867}