{"ea": 10119.060738761766, "size": 998116, "h4": 3.703886025572589, "h8": 4.825634934391952, "h16": 6.379316768674181, "h32": 7.9322962818306335, "h64": 9.454264863544871}