{"ea": 5396.939364052307, "size": 210856, "h4": 3.9881904839286326, "h8": 5.865730051488773, "h16": 6.588788342798522, "h32": 8.305793820364963, "h64": 10.104726530554421}