{"ea": 8151.407181366241, "size": 1999213, "h4": 3.897816752582604, "h8": 5.596069472899128, "h16": 7.199948873947253, "h32": 8.624864170147815, "h64": 10.083227409823435}