{"ea": 1499.2828556042273, "size": 487682, "h4": 3.64131201294471, "h8": 4.015836658979962, "h16": 5.520928905380794, "h32": 7.238854011495725, "h64": 9.031895533656677}