{"ea": 7747.867146926431, "size": 1516296, "h4": 3.9618006555504977, "h8": 5.806771966394255, "h16": 7.493446530454747, "h32": 9.117087415701501, "h64": 10.791510582647039}