{"ea": 2117.387528628319, "size": 461533, "h4": 3.9988540176438407, "h8": 5.420924628569818, "h16": 6.872975236484157, "h32": 8.488333790715588, "h64": 10.11927313265333}