{"ea": 7565.155641779778, "size": 1120639, "h4": 3.835327713130442, "h8": 5.629692344161471, "h16": 7.155011092416666, "h32": 8.652230270842516, "h64": 10.165251574768305}