{"ea": 4722.5426839938555, "size": 131346, "h4": 3.99976397714736, "h8": 5.95221923129941, "h16": 6.025941733104045, "h32": 7.458132679375291, "h64": 9.232157261076798}