{"ea": 1490.2229781781164, "size": 1122744, "h4": 3.9953466094580374, "h8": 5.734062412876841, "h16": 6.730335311775934, "h32": 8.38325853345175, "h64": 10.131853770202326}