{"ea": 2607.6610336301924, "size": 896480, "h4": 3.9729568939748745, "h8": 5.873525408700361, "h16": 7.676641550935768, "h32": 9.341352187813348, "h64": 10.95140538530809}