{"ea": 4550.812569977844, "size": 1706659, "h4": 3.9389006344877853, "h8": 5.851744905368028, "h16": 7.543782553469535, "h32": 9.052107078794293, "h64": 10.49186082663095}