{"ea": 1937.0527314813871, "size": 1433971, "h4": 3.932040789881926, "h8": 5.8571666913075395, "h16": 7.731812264073869, "h32": 9.50789267316254, "h64": 11.145823476576151}