{"ea": 1914.5657726338507, "size": 166678, "h4": 3.999523546981645, "h8": 5.925817555222443, "h16": 6.0946549165082615, "h32": 7.747653566858917, "h64": 9.523998651226972}