{"ea": 3963.5511093115097, "size": 1714037, "h4": 3.823995830888181, "h8": 5.560770064874589, "h16": 7.265423796441077, "h32": 8.649578949896728, "h64": 10.028703078312706}