{"ea": 4387.1206222003275, "size": 1986209, "h4": 3.905563707297305, "h8": 5.548640694519051, "h16": 7.093716317680188, "h32": 8.470693613964254, "h64": 9.948243853629013}