{"ea": 5022.54888108545, "size": 1246656, "h4": 2.744686555923769, "h8": 4.206058770272502, "h16": 5.757852525012552, "h32": 7.3866184126791685, "h64": 9.087820979269132}