{"ea": 880.1865074225591, "size": 822290, "h4": 3.9996727716766003, "h8": 5.692869695150082, "h16": 6.387571377617489, "h32": 8.001433670321052, "h64": 9.677060004389197}