{"ea": 348.54619297959806, "size": 4126723, "h4": 3.8590267457726775, "h8": 5.665248964175811, "h16": 7.475069501910862, "h32": 9.243608946212959, "h64": 10.993808266157703}