{"ea": 3008.731795127917, "size": 2421895, "h4": 3.9731366808361432, "h8": 5.8885016369582655, "h16": 7.676804726620226, "h32": 9.23122752670816, "h64": 10.71523096440319}