{"ea": 2305.805124574573, "size": 400191, "h4": 3.9635289156683937, "h8": 5.479370399722379, "h16": 6.608915447588325, "h32": 8.277705316996968, "h64": 9.954870678073023}