{"ea": 6037.622067877545, "size": 1282077, "h4": 3.9328839220213085, "h8": 5.806212580377817, "h16": 7.567350901978948, "h32": 9.056485257855078, "h64": 10.490801961093155}