{"ea": 3555.462806927893, "size": 1089667, "h4": 3.7946960051001577, "h8": 5.565021441530413, "h16": 6.949737702710657, "h32": 8.396400685181789, "h64": 9.992224261941633}