{"ea": 4393.383030166088, "size": 2218120, "h4": 3.8511160145610956, "h8": 5.70180244634022, "h16": 7.425757270980378, "h32": 8.995933688513194, "h64": 10.488343839289424}