{"ea": 4648.315436805726, "size": 871769, "h4": 3.319178925832266, "h8": 4.489539454960871, "h16": 5.859379335227631, "h32": 7.434444090019711, "h64": 9.103437997308895}