{"ea": 3412.082291894584, "size": 1643004, "h4": 3.8724196791148575, "h8": 5.626166334449725, "h16": 7.223028233716443, "h32": 8.653339352365185, "h64": 10.073906045852382}