{"ea": 8486.258473016145, "size": 1166057, "h4": 3.5467293540620477, "h8": 5.090508893034206, "h16": 6.590547047945032, "h32": 8.158371776753823, "h64": 9.812708051869038}