{"ea": 9099.568679300428, "size": 2639068, "h4": 3.9603875484125712, "h8": 5.825565139069639, "h16": 7.5891721216934505, "h32": 9.111760899763715, "h64": 10.604636365314985}