{"ea": 5351.027549671567, "size": 647130, "h4": 3.585512131478596, "h8": 4.988820772289648, "h16": 6.2418966793090656, "h32": 7.851111675768696, "h64": 9.512024237195575}