{"ea": 1431.927185954323, "size": 518125, "h4": 3.5096092699610213, "h8": 4.489480245226808, "h16": 5.963670606022875, "h32": 7.714227029206546, "h64": 9.550829427134193}