{"ea": 1459.9854927257993, "size": 202354, "h4": 3.9758627782519653, "h8": 5.811457281798528, "h16": 6.176052252577803, "h32": 7.777661166942949, "h64": 9.619229839091359}