{"ea": 7027.976461383484, "size": 958724, "h4": 3.946404119194948, "h8": 5.830416754492353, "h16": 7.449986822861789, "h32": 8.974123039938156, "h64": 10.53524274953004}