{"ea": 5146.826573421436, "size": 1644214, "h4": 3.98585553504471, "h8": 5.9602582219043, "h16": 7.850770317040215, "h32": 9.56755729902427, "h64": 11.158559669983642}