{"ea": 8537.7880858712, "size": 1773407, "h4": 3.9547288665452554, "h8": 5.874757547989201, "h16": 7.654574108344636, "h32": 9.227775912725729, "h64": 10.689940527620125}