{"ea": 364.0985150552534, "size": 2413627, "h4": 3.8963101666570243, "h8": 4.778939594865761, "h16": 5.695856848499038, "h32": 7.390887152971962, "h64": 9.219666997397965}