{"ea": 770.8890048029205, "size": 625666, "h4": 3.9810725702538323, "h8": 5.229753461689949, "h16": 6.1099303450527085, "h32": 7.805155271707616, "h64": 9.64115176061938}