{"ea": 5006.117227542712, "size": 225538, "h4": 3.968224995572135, "h8": 4.526130417978064, "h16": 5.894616025230693, "h32": 7.577692259234292, "h64": 9.431864811599041}