{"ea": 2156.5739302500397, "size": 222863, "h4": 3.748177707068658, "h8": 4.623693736636385, "h16": 5.840078523994697, "h32": 7.527602682912078, "h64": 9.364007645945282}