{"ea": 1756.9066519517073, "size": 781576, "h4": 3.7241011721039188, "h8": 4.679745413807046, "h16": 5.812878963279369, "h32": 7.4734810013311535, "h64": 9.251101580003949}