{"ea": 2123.9310039972443, "size": 1698192, "h4": 3.7355433914352743, "h8": 5.172984591539868, "h16": 6.666164040877129, "h32": 8.214651792401023, "h64": 9.740288994464514}