{"ea": 12089.990773478992, "size": 1224445, "h4": 3.904109339878087, "h8": 5.53983657879691, "h16": 6.919354468965199, "h32": 8.37564596818421, "h64": 9.955798887937032}