{"ea": 4508.912584998157, "size": 1655881, "h4": 3.6476448138274815, "h8": 5.290246949554519, "h16": 6.825188264197884, "h32": 8.320946300327916, "h64": 9.883058202132577}