{"ea": 5501.0465062199055, "size": 1573180, "h4": 3.9492574133695517, "h8": 5.859925144916842, "h16": 7.549896184513545, "h32": 8.953361798179113, "h64": 10.355870783833364}