{"ea": 3287.098905748114, "size": 1691896, "h4": 3.7468705624463547, "h8": 5.4689367589987565, "h16": 6.955243993080829, "h32": 8.354126507631008, "h64": 9.889701543665279}