{"ea": 4547.161305727124, "size": 365275, "h4": 3.9973873070834447, "h8": 5.682948939994611, "h16": 7.395045768334179, "h32": 9.214735374883087, "h64": 11.042129621928495}