{"ea": 1681.812850857152, "size": 307258, "h4": 3.9620759588740064, "h8": 5.711239890030157, "h16": 6.82025036860453, "h32": 8.555927544338115, "h64": 10.383720284410032}