{"ea": 2808.3089115724756, "size": 1806474, "h4": 3.7642882918709963, "h8": 5.601671667236746, "h16": 7.320474968880714, "h32": 8.766893309688413, "h64": 10.408812303269615}