{"ea": 5375.500194410781, "size": 1713890, "h4": 3.9321734444900165, "h8": 5.815617942212534, "h16": 7.585570558108648, "h32": 8.959912175703664, "h64": 10.330055508851657}