{"ea": 3346.0887970540575, "size": 1774218, "h4": 3.863835649553912, "h8": 5.513375002988488, "h16": 7.169577550895821, "h32": 8.589775114740164, "h64": 10.089000395639076}