{"ea": 8150.821951933358, "size": 466011, "h4": 2.8796515987149345, "h8": 4.014652749684207, "h16": 5.38001234932743, "h32": 7.045950750582368, "h64": 8.821124245030097}