{"ea": 276.53858923325276, "size": 1206425, "h4": 3.9706999907329026, "h8": 5.905446825596372, "h16": 7.869814842442154, "h32": 9.829065785665797, "h64": 11.777242840089832}