{"ea": 3541.836543573834, "size": 811517, "h4": 3.2089884727959954, "h8": 4.21928774224679, "h16": 5.670817454855992, "h32": 7.301761059708322, "h64": 9.020058140027771}