{"ea": 3195.4375076660212, "size": 958822, "h4": 3.9388180411916416, "h8": 5.722888139006744, "h16": 7.317893435237074, "h32": 8.769432991878812, "h64": 10.417751001158736}