{"ea": 5833.012799733693, "size": 1041678, "h4": 3.917195974792364, "h8": 5.810835256790956, "h16": 7.651070970474448, "h32": 9.383331910497846, "h64": 11.044241867847948}