{"ea": 5060.223423641108, "size": 184377, "h4": 3.9952532565712486, "h8": 5.378663244092242, "h16": 6.101075613275347, "h32": 7.762281852418454, "h64": 9.624231403918095}