{"ea": 6185.25695441309, "size": 1664671, "h4": 3.946699960660866, "h8": 5.869255412440724, "h16": 7.709000951642575, "h32": 9.415645255417529, "h64": 10.975045517917604}