{"ea": 468.39987327604484, "size": 2628787, "h4": 3.962042404483659, "h8": 5.723226301508644, "h16": 6.84074716964499, "h32": 8.52824388602688, "h64": 10.323621325312521}