{"ea": 6199.479079552634, "size": 1489417, "h4": 3.919867667598038, "h8": 5.768025585051527, "h16": 7.536175323401352, "h32": 9.058177985812364, "h64": 10.607352015603347}