{"ea": 6380.21196078316, "size": 1938390, "h4": 3.6490744102793258, "h8": 4.851716722275845, "h16": 6.295471085969973, "h32": 8.054844414629546, "h64": 9.812976670334507}