{"ea": 310.95971136531125, "size": 2173129, "h4": 3.7195173072599514, "h8": 4.949439058832082, "h16": 6.306259707073508, "h32": 7.926812399352074, "h64": 9.74330990463226}