{"ea": 1296.7776403457901, "size": 1136316, "h4": 3.9170548520691906, "h8": 5.250534872959442, "h16": 6.854293349170513, "h32": 8.353261519150415, "h64": 9.932669334699701}