{"ea": 2940.9503069488824, "size": 1935239, "h4": 3.8739141253453644, "h8": 5.791147863239715, "h16": 7.5652421757429735, "h32": 9.090315159727966, "h64": 10.547581800557122}