{"ea": 358.24701707908264, "size": 1116472, "h4": 3.998072254965268, "h8": 5.883683746736626, "h16": 6.981538680031667, "h32": 8.676312145902934, "h64": 10.569781011660458}