{"ea": 8947.99449542182, "size": 741727, "h4": 3.237355020171438, "h8": 4.854604630634628, "h16": 6.390054875915614, "h32": 7.929507493014947, "h64": 9.573562449266621}