{"ea": 3654.3312687687103, "size": 565798, "h4": 3.9658932497473933, "h8": 5.746824937635625, "h16": 7.232412972867512, "h32": 8.917273434901038, "h64": 10.6668051437541}