{"ea": 2119.763437705936, "size": 483869, "h4": 3.9997667671591763, "h8": 5.6016944652742335, "h16": 6.311560364861433, "h32": 8.003864284517885, "h64": 9.816829312967204}