{"ea": 11744.392401534422, "size": 981529, "h4": 3.738581134811507, "h8": 5.192995392658769, "h16": 6.6679192257914615, "h32": 8.211267198735472, "h64": 9.840127094857653}