{"ea": 1214.1325465368675, "size": 352850, "h4": 3.8595471521380285, "h8": 5.244428358599819, "h16": 6.780927771662686, "h32": 8.420622880324867, "h64": 10.228101468445654}