{"ea": 9852.767624075042, "size": 894603, "h4": 3.2614405825519, "h8": 4.996969453409687, "h16": 6.402265727490707, "h32": 7.954774839457374, "h64": 9.588633409811287}