{"ea": 342.6802241881309, "size": 1923531, "h4": 3.976922304959277, "h8": 5.760928249674162, "h16": 7.518598588411184, "h32": 9.290558313671706, "h64": 11.055871772306782}