{"ea": 1045.1482211556781, "size": 489410, "h4": 3.8500696560574243, "h8": 5.110570444844811, "h16": 6.048271508533338, "h32": 7.709183828026602, "h64": 9.529252538655044}