{"ea": 5161.150844247195, "size": 501499, "h4": 3.9849817732125814, "h8": 5.637858613833022, "h16": 6.355744121393987, "h32": 7.980041188864309, "h64": 9.794243927996423}