{"ea": 5914.591156369564, "size": 1590649, "h4": 3.9076965657135814, "h8": 5.702693250545206, "h16": 7.402629857710444, "h32": 8.898888233389844, "h64": 10.349108850179215}