{"ea": 5278.744837636975, "size": 105454, "h4": 3.999610140813252, "h8": 5.990375201028995, "h16": 6.166068087652457, "h32": 7.624344891091278, "h64": 9.459621270432862}