{"ea": 3448.0886470824007, "size": 1948395, "h4": 3.670096336067103, "h8": 4.975878368777057, "h16": 6.32831246095526, "h32": 7.9394601477364315, "h64": 9.595141859149285}