{"ea": 6545.6165629061215, "size": 1373823, "h4": 3.9098553956230537, "h8": 5.70379515438975, "h16": 7.345718419138013, "h32": 8.833294229215635, "h64": 10.371058772356982}