{"ea": 2691.067896462261, "size": 247609, "h4": 3.8081739367417495, "h8": 4.525424475242919, "h16": 5.640580381092043, "h32": 7.288685394388645, "h64": 9.099590230788845}