{"ea": 3219.19951442594, "size": 1904937, "h4": 3.910422516079682, "h8": 5.636783103439473, "h16": 7.320702887170045, "h32": 8.839060912581353, "h64": 10.27351430148784}