{"ea": 4658.671807386466, "size": 1806363, "h4": 3.8915044340032052, "h8": 5.719106052097581, "h16": 7.178582158679798, "h32": 8.395527125763245, "h64": 9.717073892331197}