{"ea": 2514.289105469223, "size": 441700, "h4": 3.242463984015801, "h8": 3.8877747993004386, "h16": 5.3174978997905, "h32": 7.030908497082991, "h64": 8.893836475532286}