{"ea": 7373.329439395016, "size": 1550696, "h4": 3.8750377418725335, "h8": 5.509282045005729, "h16": 7.032060455416941, "h32": 8.577615323253305, "h64": 10.027662926310825}