{"ea": 1736.8912003205644, "size": 715514, "h4": 3.933520543461991, "h8": 5.7709958960232095, "h16": 6.910331252911882, "h32": 7.953988501508268, "h64": 9.602813550232352}