{"ea": 7187.054254754702, "size": 2454022, "h4": 3.9689132036978467, "h8": 5.893209465656204, "h16": 7.790107442091635, "h32": 9.560180406750185, "h64": 11.029900385017328}