{"ea": 4658.317512660931, "size": 2412210, "h4": 3.8632726817713405, "h8": 5.745257685613163, "h16": 7.563078101850729, "h32": 9.085902070541046, "h64": 10.410426446705083}