{"ea": 6623.957373721325, "size": 651670, "h4": 3.5997407174920997, "h8": 4.86585230998916, "h16": 6.376828471290507, "h32": 7.964679831245711, "h64": 9.616333293737018}