{"ea": 4333.811412093632, "size": 949636, "h4": 3.982873382287945, "h8": 5.855862113836697, "h16": 7.560115989243444, "h32": 9.238934448117186, "h64": 10.977094611786928}