{"ea": 7929.399568635869, "size": 924109, "h4": 3.8974281825713004, "h8": 5.76814516462716, "h16": 7.437679759859014, "h32": 8.989149440285903, "h64": 10.597312332001376}