{"ea": 3983.7841350524895, "size": 1693192, "h4": 3.854628733262202, "h8": 5.408617684458249, "h16": 6.473659748064932, "h32": 7.809698283394537, "h64": 9.321804209668523}