{"ea": 1017.1683422661916, "size": 361108, "h4": 3.9997654690636706, "h8": 5.941988578559366, "h16": 6.12047442802881, "h32": 7.855820148408978, "h64": 9.703954085510414}