{"ea": 2667.0311327421346, "size": 316612, "h4": 3.8875613743186834, "h8": 5.550327786045747, "h16": 6.601514088466538, "h32": 8.308256271961437, "h64": 10.080546747259227}