{"ea": 5238.525046024677, "size": 259543, "h4": 3.6418209370363344, "h8": 4.496472405493057, "h16": 5.854444898021974, "h32": 7.587239776096365, "h64": 9.41507364374593}