{"ea": 1467.3434657600033, "size": 875096, "h4": 3.611081869813294, "h8": 4.377020210211725, "h16": 5.711703008217197, "h32": 7.3209911239072705, "h64": 8.984955125788566}