{"ea": 7895.289746038755, "size": 1120691, "h4": 3.984663764721378, "h8": 5.941764354480575, "h16": 7.8709396341611075, "h32": 9.709372899408738, "h64": 11.391302076969946}