{"ea": 8727.358621193624, "size": 990033, "h4": 3.9881499133355076, "h8": 5.850373208736915, "h16": 7.740210058954141, "h32": 9.555438764169843, "h64": 11.281023361759196}