{"ea": 472.3165311198447, "size": 1034836, "h4": 3.999561677128446, "h8": 5.848616040439638, "h16": 6.77296333701541, "h32": 8.391959491750603, "h64": 10.087615562565489}