{"ea": 9876.575694373838, "size": 887688, "h4": 3.9772336666199477, "h8": 5.863622548858143, "h16": 7.599792990806074, "h32": 9.209331889756614, "h64": 10.84478776879125}