{"ea": 2547.967372530864, "size": 1135136, "h4": 3.9791181853213335, "h8": 5.941313313286692, "h16": 7.700623313044398, "h32": 9.309859945269267, "h64": 10.899520469682784}