{"ea": 320.6138859765138, "size": 772850, "h4": 3.4812838721687203, "h8": 4.126966907602098, "h16": 5.530246512383416, "h32": 7.218387890052121, "h64": 9.02809916529216}