{"ea": 4285.30936322326, "size": 421294, "h4": 3.9964753525947074, "h8": 5.438161144101555, "h16": 7.025340036569657, "h32": 8.89746141669237, "h64": 10.64672427146138}