{"ea": 419.34973962126315, "size": 2629315, "h4": 3.9995211574718113, "h8": 5.802014832039669, "h16": 6.309504204712955, "h32": 7.883664553830223, "h64": 9.729859170660593}