{"ea": 2455.8628197620114, "size": 1267899, "h4": 3.9782375239391103, "h8": 5.901190095768734, "h16": 7.686280318703429, "h32": 9.274773901805851, "h64": 10.819743701473442}