{"ea": 2039.892960313689, "size": 2231185, "h4": 3.836820007400206, "h8": 5.561634347472948, "h16": 7.254962883124598, "h32": 8.915427446954444, "h64": 10.484372796455043}