{"ea": 6194.165690819659, "size": 1159247, "h4": 3.9193976265724046, "h8": 5.796763619607425, "h16": 7.536923033951985, "h32": 9.179841134819451, "h64": 10.81449426324707}