{"ea": 327.97099204323155, "size": 1609060, "h4": 3.980266321390218, "h8": 5.824599298727463, "h16": 7.200413024182204, "h32": 9.018611667297726, "h64": 10.855293605639286}