{"ea": 1498.208778711709, "size": 794474, "h4": 3.8659900437879298, "h8": 5.517725386450292, "h16": 6.573122883116394, "h32": 7.988120005120555, "h64": 9.706419902098865}