{"ea": 3377.9643185177524, "size": 2008933, "h4": 3.9658849971185557, "h8": 5.925526490826506, "h16": 7.636182078072066, "h32": 8.930368990499232, "h64": 10.243732683818743}