{"ea": 6157.39232417968, "size": 1262779, "h4": 3.90075507178183, "h8": 5.4244504675581044, "h16": 6.868919344843373, "h32": 8.395855345936683, "h64": 9.988517541200922}