{"ea": 453.6775191425913, "size": 882977, "h4": 3.991698161701453, "h8": 5.890001437394966, "h16": 7.634795982316642, "h32": 9.539566971008954, "h64": 11.47576111202218}