{"ea": 4212.174616406753, "size": 1986121, "h4": 3.945979682019161, "h8": 5.819611703546709, "h16": 7.6423891272997375, "h32": 9.329039733396293, "h64": 10.687061571296436}