{"ea": 12097.78399411854, "size": 995877, "h4": 3.77926976801925, "h8": 5.238048055748354, "h16": 6.843857092559842, "h32": 8.366765625180122, "h64": 9.898998967726072}