{"ea": 3916.4481144506676, "size": 1540966, "h4": 3.9600208661373912, "h8": 5.885947259073175, "h16": 7.718346825643165, "h32": 9.414718901698675, "h64": 11.060009209945317}