{"ea": 4088.601586813061, "size": 1900488, "h4": 3.953019174465162, "h8": 5.897227272871393, "h16": 7.722198663564692, "h32": 9.147668235240975, "h64": 10.489599900924556}