{"ea": 2433.865743532538, "size": 1883069, "h4": 3.856111421021698, "h8": 5.725458804773304, "h16": 7.45369783416252, "h32": 9.07894309198839, "h64": 10.51371516773194}