{"ea": 2743.2903201317445, "size": 1640820, "h4": 3.9284505639948266, "h8": 5.779687860446359, "h16": 7.541984321084732, "h32": 9.137394440036708, "h64": 10.654460982689308}