{"ea": 7701.618770240233, "size": 1051343, "h4": 3.6436022642732278, "h8": 4.837039568240165, "h16": 6.256256457059246, "h32": 7.760115649770528, "h64": 9.402822193625502}