{"ea": 338.11563214432636, "size": 5324095, "h4": 3.9907119987737074, "h8": 5.676440494935866, "h16": 7.43212244528209, "h32": 9.285575480920292, "h64": 11.18865150192749}