{"ea": 3393.574489878401, "size": 1786684, "h4": 3.910812137423609, "h8": 5.8038211667950055, "h16": 7.512511562239609, "h32": 9.024048150312622, "h64": 10.332310441523958}