{"ea": 5631.033670948874, "size": 1461438, "h4": 3.9682899479246627, "h8": 5.893821382965413, "h16": 7.661287165852555, "h32": 9.073313584741765, "h64": 10.522430524541022}