{"ea": 338.4103515402775, "size": 1551179, "h4": 3.9725221542949614, "h8": 5.315658519996564, "h16": 6.013339209875164, "h32": 7.606912461723093, "h64": 9.43107932563553}