{"ea": 8327.338163947174, "size": 738233, "h4": 3.388421813619678, "h8": 4.737291649729702, "h16": 6.1441140558623, "h32": 7.7192863874618345, "h64": 9.36893775576024}