{"ea": 774.4566194296535, "size": 320086, "h4": 3.999017090578783, "h8": 5.7586957001912085, "h16": 6.010794886086406, "h32": 7.3636197102715295, "h64": 9.179736450809326}