{"ea": 2095.7268685866898, "size": 2084182, "h4": 3.9402778398875284, "h8": 5.8733350949122, "h16": 7.668715148788728, "h32": 9.301884638311492, "h64": 10.648517083732006}