{"ea": 484.61502058575155, "size": 561648, "h4": 3.9529707246592176, "h8": 5.548408489803367, "h16": 7.10246928152363, "h32": 8.774236020705356, "h64": 10.591520527054985}