{"ea": 3493.203382999427, "size": 1725811, "h4": 3.8891391885507045, "h8": 5.724354780526307, "h16": 7.422690232640526, "h32": 8.954520468619922, "h64": 10.375373810213276}