{"ea": 765.167571369573, "size": 1156773, "h4": 3.4487108848315757, "h8": 4.357685362502137, "h16": 5.678890566891765, "h32": 7.33467235454405, "h64": 9.120356663259127}