{"ea": 5444.906932702306, "size": 190407, "h4": 3.981305981489969, "h8": 5.636711887958836, "h16": 7.222008813288993, "h32": 8.97747781103824, "h64": 10.858360343119434}