{"ea": 2164.4591520046806, "size": 850584, "h4": 3.626450236654475, "h8": 4.904346983465654, "h16": 6.435392209405107, "h32": 8.097444157838234, "h64": 9.790651492378775}