{"ea": 7756.3972264899785, "size": 2300326, "h4": 3.992247879199945, "h8": 5.961290099174883, "h16": 7.720555645657846, "h32": 9.120869870849818, "h64": 10.5646400147117}