{"ea": 758.0276250098727, "size": 629494, "h4": 3.9623568130043587, "h8": 5.347217816308481, "h16": 6.794554210817368, "h32": 8.589774882259814, "h64": 10.507250133487327}