{"ea": 1765.8507692376622, "size": 440148, "h4": 3.3546870943956506, "h8": 4.444943679932713, "h16": 5.59078333703951, "h32": 7.28130788471155, "h64": 9.082335344661729}