{"ea": 1923.054135294004, "size": 1229482, "h4": 3.7639697114050064, "h8": 5.378432653368793, "h16": 6.9009129389874495, "h32": 8.418127586737757, "h64": 10.012098972057531}