{"ea": 6698.726329698896, "size": 1782705, "h4": 3.930447811370435, "h8": 5.826311886629653, "h16": 7.4348417993935465, "h32": 8.80899773792056, "h64": 10.210596824381955}