{"ea": 5994.224332461257, "size": 2920497, "h4": 3.8516039140175984, "h8": 5.703356398301871, "h16": 7.379924865919037, "h32": 9.028114355140797, "h64": 10.650178368876213}