{"ea": 4090.178466415149, "size": 1430026, "h4": 3.9576050663030378, "h8": 5.848434489494283, "h16": 7.678075616012203, "h32": 9.37297756492778, "h64": 10.87818249487898}