{"ea": 2159.2814016869934, "size": 300374, "h4": 3.9996129155165336, "h8": 5.8124878042363655, "h16": 5.953516203066739, "h32": 7.31449951482164, "h64": 8.937343191249532}