{"ea": 2665.391334780304, "size": 2076914, "h4": 3.9773313938218706, "h8": 5.803044172621872, "h16": 7.541475768755875, "h32": 9.198958097965594, "h64": 10.690203866024081}