{"ea": 5184.639813602532, "size": 1424637, "h4": 3.480759680368152, "h8": 4.856189089552448, "h16": 6.343975994364532, "h32": 7.83443692132802, "h64": 9.420100753644238}