{"ea": 3801.8927631667325, "size": 1390256, "h4": 3.9294429419287598, "h8": 5.835324514847783, "h16": 7.683851597986225, "h32": 9.4865507971535, "h64": 11.195375951458765}