{"ea": 2409.8632990789415, "size": 1897085, "h4": 3.962305180842112, "h8": 5.91586115438378, "h16": 7.752795602326879, "h32": 9.39931153892235, "h64": 10.845497280021036}