{"ea": 5387.006428924912, "size": 242792, "h4": 3.8435467214026, "h8": 4.048694508818281, "h16": 5.519472748881547, "h32": 7.25670856117262, "h64": 9.152319696465293}