{"ea": 4641.393522625272, "size": 2886514, "h4": 3.8941083324463754, "h8": 5.748534053513306, "h16": 7.541822544271008, "h32": 8.992927516291735, "h64": 10.350954106594642}