{"ea": 521.2465170879905, "size": 4485464, "h4": 3.8510390852052074, "h8": 5.172585630453252, "h16": 6.4842099745716055, "h32": 8.166000627329154, "h64": 9.968898742069147}